Feature,Coefficient
Pair_Score,-0.9482203727174734
ML_Convergence_Prob,2.5635640777770594
Reg_Prediction,0.2013613109319162
Sentiment_Score,-0.006623047370245964
