Model,Accuracy
Random Forest,0.5319148936170213
XGBoost,0.574468085106383
