MAE,RMSE,R2
0.000806337348475177,0.003258179803266649,-2.277259800180469
