MAE,RMSE,R2
0.0008063385170596745,0.003258187272071387,-2.277216777741507
