Total_Return,Sharpe_Ratio,Max_Drawdown
0.29563665601491507,1.5078152641120264,-0.03499408069945886
